season,date,opponent,opp_rank,ou_rank,site,result,ou_pts,opp_pts,margin,one_score,conf_game,game_type,overtime,era,conference,confidence,source,note
1999,1999-09-11,Indiana State,,,H,W,49,0,49,N,N,REG,N,Stoops,Big 12,CONFIRMED-score,https://en.wikipedia.org/wiki/1999_Oklahoma_Sooners_football_team,
1999,1999-09-18,Baylor,,,H,W,41,10,31,N,Y,REG,N,Stoops,Big 12,CONFIRMED-score,https://en.wikipedia.org/wiki/1999_Oklahoma_Sooners_football_team,
1999,1999-09-25,Louisville,,,A,W,42,21,21,N,N,REG,N,Stoops,Big 12,CONFIRMED-score,https://en.wikipedia.org/wiki/1999_Oklahoma_Sooners_football_team,
1999,1999-10-02,Notre Dame,,23,A,L,30,34,-4,Y,N,REG,N,Stoops,Big 12,CONFIRMED-score,https://en.wikipedia.org/wiki/1999_Oklahoma_Sooners_football_team,
1999,1999-10-09,Texas,23,,N,L,28,38,-10,N,Y,REG,N,Stoops,Big 12,CONFIRMED-score,https://en.wikipedia.org/wiki/1999_Oklahoma_Sooners_football_team,
1999,1999-10-23,Texas A&M,13,,H,W,51,6,45,N,Y,REG,N,Stoops,Big 12,CONFIRMED-score,https://en.wikipedia.org/wiki/1999_Oklahoma_Sooners_football_team,
1999,1999-10-30,Colorado,,24,A,L,24,38,-14,N,Y,REG,N,Stoops,Big 12,CONFIRMED-score,https://en.wikipedia.org/wiki/1999_Oklahoma_Sooners_football_team,
1999,1999-11-06,Missouri,,,H,W,37,0,37,N,Y,REG,N,Stoops,Big 12,CONFIRMED-score,https://en.wikipedia.org/wiki/1999_Oklahoma_Sooners_football_team,
1999,1999-11-13,Iowa State,,,A,W,31,10,21,N,Y,REG,N,Stoops,Big 12,CONFIRMED-score,https://en.wikipedia.org/wiki/1999_Oklahoma_Sooners_football_team,
1999,1999-11-20,Texas Tech,,,A,L,28,38,-10,N,Y,REG,N,Stoops,Big 12,CONFIRMED-score,https://en.wikipedia.org/wiki/1999_Oklahoma_Sooners_football_team,
1999,1999-11-27,Oklahoma State,,,H,W,44,7,37,N,Y,REG,N,Stoops,Big 12,CONFIRMED-score,https://en.wikipedia.org/wiki/1999_Oklahoma_Sooners_football_team,
1999,1999-12-31,Ole Miss,,,N,L,25,27,-2,Y,N,BOWL,N,Stoops,Big 12,CONFIRMED-score,https://en.wikipedia.org/wiki/1999_Oklahoma_Sooners_football_team,Independence Bowl
2000,2000-09-02,UTEP,,19,H,W,55,14,41,N,N,REG,N,Stoops,Big 12,CONFIRMED-score,https://en.wikipedia.org/wiki/2000_Oklahoma_Sooners_football_team,
2000,2000-09-09,Arkansas State,,20,H,W,45,7,38,N,N,REG,N,Stoops,Big 12,CONFIRMED-score,https://en.wikipedia.org/wiki/2000_Oklahoma_Sooners_football_team,
2000,2000-09-23,Rice,,17,H,W,42,14,28,N,N,REG,N,Stoops,Big 12,CONFIRMED-score,https://en.wikipedia.org/wiki/2000_Oklahoma_Sooners_football_team,
2000,2000-09-30,Kansas,,14,H,W,34,16,18,N,Y,REG,N,Stoops,Big 12,CONFIRMED-score,https://en.wikipedia.org/wiki/2000_Oklahoma_Sooners_football_team,
2000,2000-10-07,Texas,11,10,N,W,63,14,49,N,Y,REG,N,Stoops,Big 12,CONFIRMED-score,https://en.wikipedia.org/wiki/2000_Oklahoma_Sooners_football_team,
2000,2000-10-14,Kansas State,2,8,A,W,41,31,10,N,Y,REG,N,Stoops,Big 12,CONFIRMED-score,https://en.wikipedia.org/wiki/2000_Oklahoma_Sooners_football_team,
2000,2000-10-28,Nebraska,1,3,H,W,31,14,17,N,Y,REG,N,Stoops,Big 12,CONFIRMED-score,https://en.wikipedia.org/wiki/2000_Oklahoma_Sooners_football_team,
2000,2000-11-04,Baylor,,1,A,W,56,7,49,N,Y,REG,N,Stoops,Big 12,CONFIRMED-score,https://en.wikipedia.org/wiki/2000_Oklahoma_Sooners_football_team,
2000,2000-11-11,Texas A&M,23,1,A,W,35,31,4,Y,Y,REG,N,Stoops,Big 12,CONFIRMED-score,https://en.wikipedia.org/wiki/2000_Oklahoma_Sooners_football_team,
2000,2000-11-18,Texas Tech,,1,H,W,27,13,14,N,Y,REG,N,Stoops,Big 12,CONFIRMED-score,https://en.wikipedia.org/wiki/2000_Oklahoma_Sooners_football_team,
2000,2000-11-25,Oklahoma State,,1,A,W,12,7,5,Y,Y,REG,N,Stoops,Big 12,CONFIRMED-score,https://en.wikipedia.org/wiki/2000_Oklahoma_Sooners_football_team,
2000,2000-12-02,Kansas State,8,1,N,W,27,24,3,Y,N,CCG,N,Stoops,Big 12,CONFIRMED-score,https://en.wikipedia.org/wiki/2000_Oklahoma_Sooners_football_team,Big 12 Championship Game) (College GameDay
2000,2001-01-03,Florida State,3,1,N,W,13,2,11,N,N,BCS_TITLE,N,Stoops,Big 12,CONFIRMED-score,https://en.wikipedia.org/wiki/2000_Oklahoma_Sooners_football_team,Orange Bowl) (College GameDay
2001,2001-08-25,North Carolina,,3,H,W,41,27,14,N,N,REG,N,Stoops,Big 12,CONFIRMED-score,https://en.wikipedia.org/wiki/2001_Oklahoma_Sooners_football_team,
2001,2001-09-01,Air Force,,3,A,W,44,3,41,N,N,REG,N,Stoops,Big 12,CONFIRMED-score,https://en.wikipedia.org/wiki/2001_Oklahoma_Sooners_football_team,
2001,2001-09-08,North Texas,,3,H,W,37,10,27,N,N,REG,N,Stoops,Big 12,CONFIRMED-score,https://en.wikipedia.org/wiki/2001_Oklahoma_Sooners_football_team,
2001,2001-09-29,Kansas State,11,3,H,W,38,37,1,Y,Y,REG,N,Stoops,Big 12,CONFIRMED-score,https://en.wikipedia.org/wiki/2001_Oklahoma_Sooners_football_team,
2001,2001-10-06,Texas,5,3,N,W,14,3,11,N,Y,REG,N,Stoops,Big 12,CONFIRMED-score,https://en.wikipedia.org/wiki/2001_Oklahoma_Sooners_football_team,
2001,2001-10-13,Kansas,,3,A,W,38,10,28,N,Y,REG,N,Stoops,Big 12,CONFIRMED-score,https://en.wikipedia.org/wiki/2001_Oklahoma_Sooners_football_team,
2001,2001-10-20,Baylor,,2,H,W,33,17,16,N,Y,REG,N,Stoops,Big 12,CONFIRMED-score,https://en.wikipedia.org/wiki/2001_Oklahoma_Sooners_football_team,
2001,2001-10-27,Nebraska,3,2,A,L,10,20,-10,N,Y,REG,N,Stoops,Big 12,CONFIRMED-score,https://en.wikipedia.org/wiki/2001_Oklahoma_Sooners_football_team,
2001,2001-11-03,Tulsa,,3,H,W,58,0,58,N,N,REG,N,Stoops,Big 12,CONFIRMED-score,https://en.wikipedia.org/wiki/2001_Oklahoma_Sooners_football_team,
2001,2001-11-10,Texas A&M,,3,H,W,31,10,21,N,Y,REG,N,Stoops,Big 12,CONFIRMED-score,https://en.wikipedia.org/wiki/2001_Oklahoma_Sooners_football_team,
2001,2001-11-17,Texas Tech,,3,A,W,30,13,17,N,Y,REG,N,Stoops,Big 12,CONFIRMED-score,https://en.wikipedia.org/wiki/2001_Oklahoma_Sooners_football_team,
2001,2001-11-24,Oklahoma State,,4,H,L,13,16,-3,Y,Y,REG,N,Stoops,Big 12,CONFIRMED-score,https://en.wikipedia.org/wiki/2001_Oklahoma_Sooners_football_team,
2001,2002-01-01,Arkansas,,10,N,W,10,3,7,Y,N,BOWL,N,Stoops,Big 12,CONFIRMED-score,https://en.wikipedia.org/wiki/2001_Oklahoma_Sooners_football_team,Cotton Bowl Classic
2002,2002-08-30,Tulsa,,1,A,W,37,0,37,N,N,REG,N,Stoops,Big 12,CONFIRMED-score,https://en.wikipedia.org/wiki/2002_Oklahoma_Sooners_football_team,
2002,2002-09-07,Alabama,,2,H,W,37,27,10,N,N,REG,N,Stoops,Big 12,CONFIRMED-score,https://en.wikipedia.org/wiki/2002_Oklahoma_Sooners_football_team,
2002,2002-09-14,UTEP,,2,H,W,68,0,68,N,N,REG,N,Stoops,Big 12,CONFIRMED-score,https://en.wikipedia.org/wiki/2002_Oklahoma_Sooners_football_team,
2002,2002-09-28,South Florida,,2,H,W,31,14,17,N,N,REG,N,Stoops,Big 12,CONFIRMED-score,https://en.wikipedia.org/wiki/2002_Oklahoma_Sooners_football_team,
2002,2002-10-05,Missouri,,2,A,W,31,24,7,Y,Y,REG,N,Stoops,Big 12,CONFIRMED-score,https://en.wikipedia.org/wiki/2002_Oklahoma_Sooners_football_team,
2002,2002-10-12,Texas,3,2,N,W,35,24,11,N,Y,REG,N,Stoops,Big 12,CONFIRMED-score,https://en.wikipedia.org/wiki/2002_Oklahoma_Sooners_football_team,
2002,2002-10-19,Iowa State,9,2,H,W,49,3,46,N,Y,REG,N,Stoops,Big 12,CONFIRMED-score,https://en.wikipedia.org/wiki/2002_Oklahoma_Sooners_football_team,
2002,2002-11-02,Colorado,13,2,H,W,27,11,16,N,Y,REG,N,Stoops,Big 12,CONFIRMED-score,https://en.wikipedia.org/wiki/2002_Oklahoma_Sooners_football_team,
2002,2002-11-09,Texas A&M,,1,A,L,26,30,-4,Y,Y,REG,N,Stoops,Big 12,CONFIRMED-score,https://en.wikipedia.org/wiki/2002_Oklahoma_Sooners_football_team,
2002,2002-11-16,Baylor,,4,A,W,49,9,40,N,Y,REG,N,Stoops,Big 12,CONFIRMED-score,https://en.wikipedia.org/wiki/2002_Oklahoma_Sooners_football_team,
2002,2002-11-23,Texas Tech,24,4,H,W,60,15,45,N,Y,REG,N,Stoops,Big 12,CONFIRMED-score,https://en.wikipedia.org/wiki/2002_Oklahoma_Sooners_football_team,
2002,2002-11-30,Oklahoma State,,3,A,L,28,38,-10,N,Y,REG,N,Stoops,Big 12,CONFIRMED-score,https://en.wikipedia.org/wiki/2002_Oklahoma_Sooners_football_team,
2002,2002-12-07,Colorado,12,8,N,W,29,7,22,N,N,CCG,N,Stoops,Big 12,CONFIRMED-score,https://en.wikipedia.org/wiki/2002_Oklahoma_Sooners_football_team,Big 12 Championship Game
2002,2003-01-01,Washington State,7,8,N,W,34,14,20,N,N,BOWL,N,Stoops,Big 12,CONFIRMED-score,https://en.wikipedia.org/wiki/2002_Oklahoma_Sooners_football_team,Rose Bowl
2003,2003-08-30,North Texas,,1,H,W,37,3,34,N,N,REG,N,Stoops,Big 12,CONFIRMED-score,https://en.wikipedia.org/wiki/2003_Oklahoma_Sooners_football_team,
2003,2003-09-06,Alabama,,1,A,W,20,13,7,Y,N,REG,N,Stoops,Big 12,CONFIRMED-score,https://en.wikipedia.org/wiki/2003_Oklahoma_Sooners_football_team,
2003,2003-09-13,Fresno State,,1,H,W,52,28,24,N,N,REG,N,Stoops,Big 12,CONFIRMED-score,https://en.wikipedia.org/wiki/2003_Oklahoma_Sooners_football_team,
2003,2003-09-20,UCLA,,1,H,W,59,24,35,N,N,REG,N,Stoops,Big 12,CONFIRMED-score,https://en.wikipedia.org/wiki/2003_Oklahoma_Sooners_football_team,
2003,2003-10-04,Iowa State,,1,A,W,53,7,46,N,Y,REG,N,Stoops,Big 12,CONFIRMED-score,https://en.wikipedia.org/wiki/2003_Oklahoma_Sooners_football_team,
2003,2003-10-11,Texas,11,1,N,W,65,13,52,N,Y,REG,N,Stoops,Big 12,CONFIRMED-score,https://en.wikipedia.org/wiki/2003_Oklahoma_Sooners_football_team,
2003,2003-10-18,Missouri,24,1,H,W,34,13,21,N,Y,REG,N,Stoops,Big 12,CONFIRMED-score,https://en.wikipedia.org/wiki/2003_Oklahoma_Sooners_football_team,
2003,2003-10-25,Colorado,,1,A,W,34,20,14,N,Y,REG,N,Stoops,Big 12,CONFIRMED-score,https://en.wikipedia.org/wiki/2003_Oklahoma_Sooners_football_team,
2003,2003-11-01,Oklahoma State,14,1,H,W,52,9,43,N,Y,REG,N,Stoops,Big 12,CONFIRMED-score,https://en.wikipedia.org/wiki/2003_Oklahoma_Sooners_football_team,
2003,2003-11-08,Texas A&M,,1,H,W,77,0,77,N,Y,REG,N,Stoops,Big 12,CONFIRMED-score,https://en.wikipedia.org/wiki/2003_Oklahoma_Sooners_football_team,
2003,2003-11-15,Baylor,,1,H,W,41,3,38,N,Y,REG,N,Stoops,Big 12,CONFIRMED-score,https://en.wikipedia.org/wiki/2003_Oklahoma_Sooners_football_team,
2003,2003-11-22,Texas Tech,,1,A,W,56,25,31,N,Y,REG,N,Stoops,Big 12,CONFIRMED-score,https://en.wikipedia.org/wiki/2003_Oklahoma_Sooners_football_team,
2003,2003-12-06,Kansas State,12,1,N,L,7,35,-28,N,N,CCG,N,Stoops,Big 12,CONFIRMED-score,https://en.wikipedia.org/wiki/2003_Oklahoma_Sooners_football_team,Big 12 Championship Game
2003,2004-01-04,LSU,2,3,N,L,14,21,-7,Y,N,BCS_TITLE,N,Stoops,Big 12,CONFIRMED-score,https://en.wikipedia.org/wiki/2003_Oklahoma_Sooners_football_team,Sugar Bowl) (College GameDay
2004,2004-09-04,Bowling Green,,2,H,W,40,24,16,N,N,REG,N,Stoops,Big 12,CONFIRMED-score,https://en.wikipedia.org/wiki/2004_Oklahoma_Sooners_football_team,
2004,2004-09-11,Houston,,2,H,W,63,13,50,N,N,REG,N,Stoops,Big 12,CONFIRMED-score,https://en.wikipedia.org/wiki/2004_Oklahoma_Sooners_football_team,
2004,2004-09-18,Oregon,,2,H,W,31,7,24,N,N,REG,N,Stoops,Big 12,CONFIRMED-score,https://en.wikipedia.org/wiki/2004_Oklahoma_Sooners_football_team,
2004,2004-10-02,Texas Tech,,2,H,W,28,13,15,N,Y,REG,N,Stoops,Big 12,CONFIRMED-score,https://en.wikipedia.org/wiki/2004_Oklahoma_Sooners_football_team,
2004,2004-10-09,Texas,5,2,N,W,12,0,12,N,Y,REG,N,Stoops,Big 12,CONFIRMED-score,https://en.wikipedia.org/wiki/2004_Oklahoma_Sooners_football_team,
2004,2004-10-16,Kansas State,,2,A,W,31,21,10,N,Y,REG,N,Stoops,Big 12,CONFIRMED-score,https://en.wikipedia.org/wiki/2004_Oklahoma_Sooners_football_team,
2004,2004-10-23,Kansas,,2,H,W,41,10,31,N,Y,REG,N,Stoops,Big 12,CONFIRMED-score,https://en.wikipedia.org/wiki/2004_Oklahoma_Sooners_football_team,
2004,2004-10-30,Oklahoma State,20,2,A,W,38,35,3,Y,Y,REG,N,Stoops,Big 12,CONFIRMED-score,https://en.wikipedia.org/wiki/2004_Oklahoma_Sooners_football_team,
2004,2004-11-06,Texas A&M,22,2,A,W,42,35,7,Y,Y,REG,N,Stoops,Big 12,CONFIRMED-score,https://en.wikipedia.org/wiki/2004_Oklahoma_Sooners_football_team,
2004,2004-11-13,Nebraska,,2,H,W,30,3,27,N,Y,REG,N,Stoops,Big 12,CONFIRMED-score,https://en.wikipedia.org/wiki/2004_Oklahoma_Sooners_football_team,
2004,2004-11-20,Baylor,,2,A,W,35,0,35,N,Y,REG,N,Stoops,Big 12,CONFIRMED-score,https://en.wikipedia.org/wiki/2004_Oklahoma_Sooners_football_team,
2004,2004-12-04,Colorado,,2,N,W,42,3,39,N,N,CCG,N,Stoops,Big 12,CONFIRMED-score,https://en.wikipedia.org/wiki/2004_Oklahoma_Sooners_football_team,Big 12 Championship Game
2004,2005-01-04,USC,1,2,N,L,19,55,-36,N,N,BCS_TITLE,N,Stoops,Big 12,CONFIRMED-score,https://en.wikipedia.org/wiki/2004_Oklahoma_Sooners_football_team,"Orange Bowl—BCS National Championship Game, College GameDay"
2005,2005-09-03,TCU,,7,H,L,10,17,-7,Y,N,REG,N,Stoops,Big 12,CONFIRMED-score,https://en.wikipedia.org/wiki/2005_Oklahoma_Sooners_football_team,
2005,2005-09-10,Tulsa,,18,H,W,31,15,16,N,N,REG,N,Stoops,Big 12,CONFIRMED-score,https://en.wikipedia.org/wiki/2005_Oklahoma_Sooners_football_team,
2005,2005-09-17,UCLA,,21,A,L,24,41,-17,N,N,REG,N,Stoops,Big 12,CONFIRMED-score,https://en.wikipedia.org/wiki/2005_Oklahoma_Sooners_football_team,
2005,2005-10-01,Kansas State,,,H,W,43,21,22,N,Y,REG,N,Stoops,Big 12,CONFIRMED-score,https://en.wikipedia.org/wiki/2005_Oklahoma_Sooners_football_team,
2005,2005-10-08,Texas,2,,N,L,12,45,-33,N,Y,REG,N,Stoops,Big 12,CONFIRMED-score,https://en.wikipedia.org/wiki/2005_Oklahoma_Sooners_football_team,
2005,2005-10-15,Kansas,,,N,W,19,3,16,N,Y,REG,N,Stoops,Big 12,CONFIRMED-score,https://en.wikipedia.org/wiki/2005_Oklahoma_Sooners_football_team,
2005,2005-10-22,Baylor,,,H,W,37,30,7,Y,Y,REG,Y,Stoops,Big 12,CONFIRMED-score,https://en.wikipedia.org/wiki/2005_Oklahoma_Sooners_football_team,
2005,2005-10-29,Nebraska,,,A,W,31,24,7,Y,Y,REG,N,Stoops,Big 12,CONFIRMED-score,https://en.wikipedia.org/wiki/2005_Oklahoma_Sooners_football_team,
2005,2005-11-12,Texas A&M,,,H,W,36,30,6,Y,Y,REG,N,Stoops,Big 12,CONFIRMED-score,https://en.wikipedia.org/wiki/2005_Oklahoma_Sooners_football_team,
2005,2005-11-19,Texas Tech,21,,A,L,21,23,-2,Y,Y,REG,N,Stoops,Big 12,CONFIRMED-score/CORRECTED-opp_rank,https://en.wikipedia.org/wiki/2005_Oklahoma_Sooners_football_team,"OU's 2005 article template says opprank=19; Texas Tech's own 2005 article gives rank=21 for this game, and ESPN's curatedRank for the same game is 21. Three sources against one."
2005,2005-11-26,Oklahoma State,,,H,W,42,14,28,N,Y,REG,N,Stoops,Big 12,CONFIRMED-score,https://en.wikipedia.org/wiki/2005_Oklahoma_Sooners_football_team,
2005,2005-12-29,Oregon,6,,N,W,17,14,3,Y,N,BOWL,N,Stoops,Big 12,CONFIRMED-score,https://en.wikipedia.org/wiki/2005_Oklahoma_Sooners_football_team,Holiday Bowl
2006,2006-09-02,UAB,,10,H,W,24,17,7,Y,N,REG,N,Stoops,Big 12,CONFIRMED-score,https://en.wikipedia.org/wiki/2006_Oklahoma_Sooners_football_team,
2006,2006-09-09,Washington,,15,H,W,37,20,17,N,N,REG,N,Stoops,Big 12,CONFIRMED-score,https://en.wikipedia.org/wiki/2006_Oklahoma_Sooners_football_team,
2006,2006-09-16,Oregon,18,15,A,L,33,34,-1,Y,N,REG,N,Stoops,Big 12,CONFIRMED-score,https://en.wikipedia.org/wiki/2006_Oklahoma_Sooners_football_team,
2006,2006-09-23,Middle Tennessee,,17,H,W,59,0,59,N,N,REG,N,Stoops,Big 12,CONFIRMED-score,https://en.wikipedia.org/wiki/2006_Oklahoma_Sooners_football_team,
2006,2006-10-07,Texas,7,14,N,L,10,28,-18,N,Y,REG,N,Stoops,Big 12,CONFIRMED-score,https://en.wikipedia.org/wiki/2006_Oklahoma_Sooners_football_team,
2006,2006-10-14,Iowa State,,23,H,W,34,9,25,N,Y,REG,N,Stoops,Big 12,CONFIRMED-score,https://en.wikipedia.org/wiki/2006_Oklahoma_Sooners_football_team,
2006,2006-10-21,Colorado,,20,H,W,24,3,21,N,Y,REG,N,Stoops,Big 12,CONFIRMED-score,https://en.wikipedia.org/wiki/2006_Oklahoma_Sooners_football_team,
2006,2006-10-28,Missouri,23,19,A,W,26,10,16,N,Y,REG,N,Stoops,Big 12,CONFIRMED-score,https://en.wikipedia.org/wiki/2006_Oklahoma_Sooners_football_team,
2006,2006-11-04,Texas A&M,21,18,A,W,17,16,1,Y,Y,REG,N,Stoops,Big 12,CONFIRMED-score,https://en.wikipedia.org/wiki/2006_Oklahoma_Sooners_football_team,
2006,2006-11-11,Texas Tech,,17,H,W,34,24,10,N,Y,REG,N,Stoops,Big 12,CONFIRMED-score,https://en.wikipedia.org/wiki/2006_Oklahoma_Sooners_football_team,
2006,2006-11-18,Baylor,,16,A,W,36,10,26,N,Y,REG,N,Stoops,Big 12,CONFIRMED-score,https://en.wikipedia.org/wiki/2006_Oklahoma_Sooners_football_team,
2006,2006-11-25,Oklahoma State,,13,A,W,27,21,6,Y,Y,REG,N,Stoops,Big 12,CONFIRMED-score,https://en.wikipedia.org/wiki/2006_Oklahoma_Sooners_football_team,
2006,2006-12-02,Nebraska,19,8,N,W,21,7,14,N,N,CCG,N,Stoops,Big 12,CONFIRMED-score,https://en.wikipedia.org/wiki/2006_Oklahoma_Sooners_football_team,Big 12 Championship Game / rivalry
2006,2007-01-01,Boise State,9,7,N,L,42,43,-1,Y,N,BOWL,Y,Stoops,Big 12,CONFIRMED-score,https://en.wikipedia.org/wiki/2006_Oklahoma_Sooners_football_team,Fiesta Bowl
2007,2007-09-01,North Texas,,8,H,W,79,10,69,N,N,REG,N,Stoops,Big 12,CONFIRMED-score,https://en.wikipedia.org/wiki/2007_Oklahoma_Sooners_football_team,
2007,2007-09-08,Miami,,5,H,W,51,13,38,N,N,REG,N,Stoops,Big 12,CONFIRMED-score,https://en.wikipedia.org/wiki/2007_Oklahoma_Sooners_football_team,
2007,2007-09-15,Utah State,,3,H,W,54,3,51,N,N,REG,N,Stoops,Big 12,CONFIRMED-score,https://en.wikipedia.org/wiki/2007_Oklahoma_Sooners_football_team,
2007,2007-09-21,Tulsa,,4,A,W,62,21,41,N,N,REG,N,Stoops,Big 12,CONFIRMED-score,https://en.wikipedia.org/wiki/2007_Oklahoma_Sooners_football_team,
2007,2007-09-29,Colorado,,3,A,L,24,27,-3,Y,Y,REG,N,Stoops,Big 12,CONFIRMED-score,https://en.wikipedia.org/wiki/2007_Oklahoma_Sooners_football_team,
2007,2007-10-06,Texas,19,10,N,W,28,21,7,Y,Y,REG,N,Stoops,Big 12,CONFIRMED-score,https://en.wikipedia.org/wiki/2007_Oklahoma_Sooners_football_team,
2007,2007-10-13,Missouri,11,6,H,W,41,31,10,N,Y,REG,N,Stoops,Big 12,CONFIRMED-score,https://en.wikipedia.org/wiki/2007_Oklahoma_Sooners_football_team,
2007,2007-10-20,Iowa State,,4,A,W,17,7,10,N,Y,REG,N,Stoops,Big 12,CONFIRMED-score,https://en.wikipedia.org/wiki/2007_Oklahoma_Sooners_football_team,
2007,2007-11-03,Texas A&M,,5,H,W,42,14,28,N,Y,REG,N,Stoops,Big 12,CONFIRMED-score,https://en.wikipedia.org/wiki/2007_Oklahoma_Sooners_football_team,
2007,2007-11-10,Baylor,,4,H,W,52,21,31,N,Y,REG,N,Stoops,Big 12,CONFIRMED-score,https://en.wikipedia.org/wiki/2007_Oklahoma_Sooners_football_team,
2007,2007-11-17,Texas Tech,,3,A,L,27,34,-7,Y,Y,REG,N,Stoops,Big 12,CONFIRMED-score,https://en.wikipedia.org/wiki/2007_Oklahoma_Sooners_football_team,
2007,2007-11-24,Oklahoma State,,10,H,W,49,17,32,N,Y,REG,N,Stoops,Big 12,CONFIRMED-score,https://en.wikipedia.org/wiki/2007_Oklahoma_Sooners_football_team,
2007,2007-12-01,Missouri,1,9,N,W,38,17,21,N,N,CCG,N,Stoops,Big 12,CONFIRMED-score,https://en.wikipedia.org/wiki/2007_Oklahoma_Sooners_football_team,Big 12 Championship Game / rivalry) (College GameDay
2007,2008-01-02,West Virginia,11,3,N,L,28,48,-20,N,N,BOWL,N,Stoops,Big 12,CONFIRMED-score,https://en.wikipedia.org/wiki/2007_Oklahoma_Sooners_football_team,Fiesta Bowl
2008,2008-08-30,Chattanooga,,4,H,W,57,2,55,N,N,REG,N,Stoops,Big 12,CONFIRMED-score,https://en.wikipedia.org/wiki/2008_Oklahoma_Sooners_football_team,
2008,2008-09-06,Cincinnati,,4,H,W,52,26,26,N,N,REG,N,Stoops,Big 12,CONFIRMED-score,https://en.wikipedia.org/wiki/2008_Oklahoma_Sooners_football_team,
2008,2008-09-13,Washington,,3,A,W,55,14,41,N,N,REG,N,Stoops,Big 12,CONFIRMED-score,https://en.wikipedia.org/wiki/2008_Oklahoma_Sooners_football_team,
2008,2008-09-27,TCU,24,2,H,W,35,10,25,N,N,REG,N,Stoops,Big 12,CONFIRMED-score,https://en.wikipedia.org/wiki/2008_Oklahoma_Sooners_football_team,
2008,2008-10-04,Baylor,,1,A,W,49,17,32,N,Y,REG,N,Stoops,Big 12,CONFIRMED-score,https://en.wikipedia.org/wiki/2008_Oklahoma_Sooners_football_team,
2008,2008-10-11,Texas,5,1,N,L,35,45,-10,N,Y,REG,N,Stoops,Big 12,CONFIRMED-score,https://en.wikipedia.org/wiki/2008_Oklahoma_Sooners_football_team,
2008,2008-10-18,Kansas,16,4,H,W,45,31,14,N,Y,REG,N,Stoops,Big 12,CONFIRMED-score,https://en.wikipedia.org/wiki/2008_Oklahoma_Sooners_football_team,
2008,2008-10-25,Kansas State,,4,A,W,58,35,23,N,Y,REG,N,Stoops,Big 12,CONFIRMED-score,https://en.wikipedia.org/wiki/2008_Oklahoma_Sooners_football_team,
2008,2008-11-01,Nebraska,,4,H,W,62,28,34,N,Y,REG,N,Stoops,Big 12,CONFIRMED-score,https://en.wikipedia.org/wiki/2008_Oklahoma_Sooners_football_team,
2008,2008-11-08,Texas A&M,,6,A,W,66,28,38,N,Y,REG,N,Stoops,Big 12,CONFIRMED-score,https://en.wikipedia.org/wiki/2008_Oklahoma_Sooners_football_team,
2008,2008-11-22,Texas Tech,2,5,H,W,65,21,44,N,Y,REG,N,Stoops,Big 12,CONFIRMED-score,https://en.wikipedia.org/wiki/2008_Oklahoma_Sooners_football_team,
2008,2008-11-29,Oklahoma State,11,3,A,W,61,41,20,N,Y,REG,N,Stoops,Big 12,CONFIRMED-score,https://en.wikipedia.org/wiki/2008_Oklahoma_Sooners_football_team,
2008,2008-12-06,Missouri,19,4,N,W,62,21,41,N,N,CCG,N,Stoops,Big 12,CONFIRMED-score,https://en.wikipedia.org/wiki/2008_Oklahoma_Sooners_football_team,"Big 12 Championship Game, rivalry"
2008,2009-01-08,Florida,1,2,N,L,14,24,-10,N,N,BCS_TITLE,N,Stoops,Big 12,CONFIRMED-score,https://en.wikipedia.org/wiki/2008_Oklahoma_Sooners_football_team,"BCS Championship Game, College GameDay"
2009,2009-09-05,BYU,20,3,N,L,13,14,-1,Y,N,REG,N,Stoops,Big 12,CONFIRMED-score,https://en.wikipedia.org/wiki/2009_Oklahoma_Sooners_football_team,
2009,2009-09-12,Idaho State,,13,H,W,64,0,64,N,N,REG,N,Stoops,Big 12,CONFIRMED-score,https://en.wikipedia.org/wiki/2009_Oklahoma_Sooners_football_team,
2009,2009-09-19,Tulsa,,12,H,W,45,0,45,N,N,REG,N,Stoops,Big 12,CONFIRMED-score,https://en.wikipedia.org/wiki/2009_Oklahoma_Sooners_football_team,
2009,2009-10-03,Miami,17,8,A,L,20,21,-1,Y,N,REG,N,Stoops,Big 12,CONFIRMED-score,https://en.wikipedia.org/wiki/2009_Oklahoma_Sooners_football_team,
2009,2009-10-10,Baylor,,19,H,W,33,7,26,N,Y,REG,N,Stoops,Big 12,CONFIRMED-score,https://en.wikipedia.org/wiki/2009_Oklahoma_Sooners_football_team,
2009,2009-10-17,Texas,3,20,N,L,13,16,-3,Y,Y,REG,N,Stoops,Big 12,CONFIRMED-score,https://en.wikipedia.org/wiki/2009_Oklahoma_Sooners_football_team,
2009,2009-10-24,Kansas,24,25,A,W,35,13,22,N,Y,REG,N,Stoops,Big 12,CONFIRMED-score,https://en.wikipedia.org/wiki/2009_Oklahoma_Sooners_football_team,
2009,2009-10-31,Kansas State,,22,H,W,42,30,12,N,Y,REG,N,Stoops,Big 12,CONFIRMED-score,https://en.wikipedia.org/wiki/2009_Oklahoma_Sooners_football_team,
2009,2009-11-07,Nebraska,,20,A,L,3,10,-7,Y,Y,REG,N,Stoops,Big 12,CONFIRMED-score,https://en.wikipedia.org/wiki/2009_Oklahoma_Sooners_football_team,
2009,2009-11-14,Texas A&M,,,H,W,65,10,55,N,Y,REG,N,Stoops,Big 12,CONFIRMED-score,https://en.wikipedia.org/wiki/2009_Oklahoma_Sooners_football_team,
2009,2009-11-21,Texas Tech,,,A,L,13,41,-28,N,Y,REG,N,Stoops,Big 12,CONFIRMED-score,https://en.wikipedia.org/wiki/2009_Oklahoma_Sooners_football_team,
2009,2009-11-28,Oklahoma State,11,,H,W,27,0,27,N,Y,REG,N,Stoops,Big 12,CONFIRMED-score,https://en.wikipedia.org/wiki/2009_Oklahoma_Sooners_football_team,
2009,2009-12-31,Stanford,19,,N,W,31,27,4,Y,N,BOWL,N,Stoops,Big 12,CONFIRMED-score,https://en.wikipedia.org/wiki/2009_Oklahoma_Sooners_football_team,Sun Bowl
2010,2010-09-04,Utah State,,7,H,W,31,24,7,Y,N,REG,N,Stoops,Big 12,CONFIRMED-score,https://en.wikipedia.org/wiki/2010_Oklahoma_Sooners_football_team,
2010,2010-09-11,Florida State,17,10,H,W,47,17,30,N,N,REG,N,Stoops,Big 12,CONFIRMED-score,https://en.wikipedia.org/wiki/2010_Oklahoma_Sooners_football_team,
2010,2010-09-18,Air Force,,7,H,W,27,24,3,Y,N,REG,N,Stoops,Big 12,CONFIRMED-score,https://en.wikipedia.org/wiki/2010_Oklahoma_Sooners_football_team,
2010,2010-09-25,Cincinnati,,8,A,W,31,29,2,Y,N,REG,N,Stoops,Big 12,CONFIRMED-score,https://en.wikipedia.org/wiki/2010_Oklahoma_Sooners_football_team,
2010,2010-10-02,Texas,21,8,N,W,28,20,8,Y,Y,REG,N,Stoops,Big 12,CONFIRMED-score,https://en.wikipedia.org/wiki/2010_Oklahoma_Sooners_football_team,
2010,2010-10-16,Iowa State,,6,H,W,52,0,52,N,Y,REG,N,Stoops,Big 12,CONFIRMED-score,https://en.wikipedia.org/wiki/2010_Oklahoma_Sooners_football_team,
2010,2010-10-23,Missouri,18,3,A,L,27,36,-9,N,Y,REG,N,Stoops,Big 12,CONFIRMED-score,https://en.wikipedia.org/wiki/2010_Oklahoma_Sooners_football_team,
2010,2010-10-30,Colorado,,11,H,W,43,10,33,N,Y,REG,N,Stoops,Big 12,CONFIRMED-score,https://en.wikipedia.org/wiki/2010_Oklahoma_Sooners_football_team,
2010,2010-11-06,Texas A&M,,11,A,L,19,33,-14,N,Y,REG,N,Stoops,Big 12,CONFIRMED-score,https://en.wikipedia.org/wiki/2010_Oklahoma_Sooners_football_team,
2010,2010-11-13,Texas Tech,,19,H,W,45,7,38,N,Y,REG,N,Stoops,Big 12,CONFIRMED-score,https://en.wikipedia.org/wiki/2010_Oklahoma_Sooners_football_team,
2010,2010-11-20,Baylor,,16,A,W,53,24,29,N,Y,REG,N,Stoops,Big 12,CONFIRMED-score,https://en.wikipedia.org/wiki/2010_Oklahoma_Sooners_football_team,
2010,2010-11-27,Oklahoma State,10,14,A,W,47,41,6,Y,Y,REG,N,Stoops,Big 12,CONFIRMED-score,https://en.wikipedia.org/wiki/2010_Oklahoma_Sooners_football_team,
2010,2010-12-04,Nebraska,13,10,N,W,23,20,3,Y,N,CCG,N,Stoops,Big 12,CONFIRMED-score,https://en.wikipedia.org/wiki/2010_Oklahoma_Sooners_football_team,Big 12 Championship Game / rivalry
2010,2011-01-01,Connecticut,25,9,N,W,48,20,28,N,N,BOWL,N,Stoops,Big 12,CONFIRMED-score,https://en.wikipedia.org/wiki/2010_Oklahoma_Sooners_football_team,Fiesta Bowl
2011,2011-09-03,Tulsa,,1,H,W,47,14,33,N,N,REG,N,Stoops,Big 12,CONFIRMED-score,https://en.wikipedia.org/wiki/2011_Oklahoma_Sooners_football_team,
2011,2011-09-17,Florida State,5,1,A,W,23,13,10,N,N,REG,N,Stoops,Big 12,CONFIRMED-score,https://en.wikipedia.org/wiki/2011_Oklahoma_Sooners_football_team,
2011,2011-09-24,Missouri,,1,H,W,38,28,10,N,Y,REG,N,Stoops,Big 12,CONFIRMED-score,https://en.wikipedia.org/wiki/2011_Oklahoma_Sooners_football_team,
2011,2011-10-01,Ball State,,2,H,W,62,6,56,N,N,REG,N,Stoops,Big 12,CONFIRMED-score,https://en.wikipedia.org/wiki/2011_Oklahoma_Sooners_football_team,
2011,2011-10-08,Texas,11,3,N,W,55,17,38,N,Y,REG,N,Stoops,Big 12,CONFIRMED-score,https://en.wikipedia.org/wiki/2011_Oklahoma_Sooners_football_team,
2011,2011-10-15,Kansas,,3,A,W,47,17,30,N,Y,REG,N,Stoops,Big 12,CONFIRMED-score,https://en.wikipedia.org/wiki/2011_Oklahoma_Sooners_football_team,
2011,2011-10-22,Texas Tech,,3,H,L,38,41,-3,Y,Y,REG,N,Stoops,Big 12,CONFIRMED-score,https://en.wikipedia.org/wiki/2011_Oklahoma_Sooners_football_team,
2011,2011-10-29,Kansas State,10,11,A,W,58,17,41,N,Y,REG,N,Stoops,Big 12,CONFIRMED-score,https://en.wikipedia.org/wiki/2011_Oklahoma_Sooners_football_team,
2011,2011-11-05,Texas A&M,,7,H,W,41,25,16,N,Y,REG,N,Stoops,Big 12,CONFIRMED-score,https://en.wikipedia.org/wiki/2011_Oklahoma_Sooners_football_team,
2011,2011-11-19,Baylor,25,5,A,L,38,45,-7,Y,Y,REG,N,Stoops,Big 12,CONFIRMED-score,https://en.wikipedia.org/wiki/2011_Oklahoma_Sooners_football_team,
2011,2011-11-26,Iowa State,,12,H,W,26,6,20,N,Y,REG,N,Stoops,Big 12,CONFIRMED-score,https://en.wikipedia.org/wiki/2011_Oklahoma_Sooners_football_team,
2011,2011-12-03,Oklahoma State,3,13,A,L,10,44,-34,N,Y,REG,N,Stoops,Big 12,CONFIRMED-score,https://en.wikipedia.org/wiki/2011_Oklahoma_Sooners_football_team,
2011,2011-12-30,Iowa,,12,N,W,31,14,17,N,N,BOWL,N,Stoops,Big 12,CONFIRMED-score,https://en.wikipedia.org/wiki/2011_Oklahoma_Sooners_football_team,Insight Bowl
2012,2012-09-01,UTEP,,4,A,W,24,7,17,N,N,REG,N,Stoops,Big 12,CONFIRMED-score,https://en.wikipedia.org/wiki/2012_Oklahoma_Sooners_football_team,
2012,2012-09-08,Florida A&M,,5,H,W,69,13,56,N,N,REG,N,Stoops,Big 12,CONFIRMED-score,https://en.wikipedia.org/wiki/2012_Oklahoma_Sooners_football_team,
2012,2012-09-22,Kansas State,15,6,H,L,19,24,-5,Y,Y,REG,N,Stoops,Big 12,CONFIRMED-score,https://en.wikipedia.org/wiki/2012_Oklahoma_Sooners_football_team,
2012,2012-10-06,Texas Tech,,17,A,W,41,20,21,N,Y,REG,N,Stoops,Big 12,CONFIRMED-score,https://en.wikipedia.org/wiki/2012_Oklahoma_Sooners_football_team,
2012,2012-10-13,Texas,15,13,N,W,63,21,42,N,Y,REG,N,Stoops,Big 12,CONFIRMED-score,https://en.wikipedia.org/wiki/2012_Oklahoma_Sooners_football_team,
2012,2012-10-20,Kansas,,10,H,W,52,7,45,N,Y,REG,N,Stoops,Big 12,CONFIRMED-score,https://en.wikipedia.org/wiki/2012_Oklahoma_Sooners_football_team,
2012,2012-10-27,Notre Dame,5,8,H,L,13,30,-17,N,N,REG,N,Stoops,Big 12,CONFIRMED-score,https://en.wikipedia.org/wiki/2012_Oklahoma_Sooners_football_team,
2012,2012-11-03,Iowa State,,14,A,W,35,20,15,N,Y,REG,N,Stoops,Big 12,CONFIRMED-score,https://en.wikipedia.org/wiki/2012_Oklahoma_Sooners_football_team,
2012,2012-11-10,Baylor,,14,H,W,42,34,8,Y,Y,REG,N,Stoops,Big 12,CONFIRMED-score,https://en.wikipedia.org/wiki/2012_Oklahoma_Sooners_football_team,
2012,2012-11-17,West Virginia,,13,A,W,50,49,1,Y,Y,REG,N,Stoops,Big 12,CONFIRMED-score,https://en.wikipedia.org/wiki/2012_Oklahoma_Sooners_football_team,
2012,2012-11-24,Oklahoma State,22,14,H,W,51,48,3,Y,Y,REG,Y,Stoops,Big 12,CONFIRMED-score,https://en.wikipedia.org/wiki/2012_Oklahoma_Sooners_football_team,
2012,2012-12-01,TCU,,12,A,W,24,17,7,Y,Y,REG,N,Stoops,Big 12,CONFIRMED-score,https://en.wikipedia.org/wiki/2012_Oklahoma_Sooners_football_team,
2012,2013-01-04,Texas A&M,10,12,N,L,13,41,-28,N,N,BOWL,N,Stoops,Big 12,CONFIRMED-score,https://en.wikipedia.org/wiki/2012_Oklahoma_Sooners_football_team,Cotton Bowl Classic
2013,2013-08-31,Louisiana–Monroe,,16,H,W,34,0,34,N,N,REG,N,Stoops,Big 12,CONFIRMED-score,https://en.wikipedia.org/wiki/2013_Oklahoma_Sooners_football_team,
2013,2013-09-07,West Virginia,,16,H,W,16,7,9,N,Y,REG,N,Stoops,Big 12,CONFIRMED-score,https://en.wikipedia.org/wiki/2013_Oklahoma_Sooners_football_team,
2013,2013-09-14,Tulsa,,14,H,W,51,20,31,N,N,REG,N,Stoops,Big 12,CONFIRMED-score,https://en.wikipedia.org/wiki/2013_Oklahoma_Sooners_football_team,
2013,2013-09-28,Notre Dame,22,14,A,W,35,21,14,N,N,REG,N,Stoops,Big 12,CONFIRMED-score,https://en.wikipedia.org/wiki/2013_Oklahoma_Sooners_football_team,
2013,2013-10-05,TCU,,11,H,W,20,17,3,Y,Y,REG,N,Stoops,Big 12,CONFIRMED-score,https://en.wikipedia.org/wiki/2013_Oklahoma_Sooners_football_team,
2013,2013-10-12,Texas,,12,N,L,20,36,-16,N,Y,REG,N,Stoops,Big 12,CONFIRMED-score,https://en.wikipedia.org/wiki/2013_Oklahoma_Sooners_football_team,
2013,2013-10-19,Kansas,,18,A,W,34,19,15,N,Y,REG,N,Stoops,Big 12,CONFIRMED-score,https://en.wikipedia.org/wiki/2013_Oklahoma_Sooners_football_team,
2013,2013-10-26,Texas Tech,10,17,H,W,38,30,8,Y,Y,REG,N,Stoops,Big 12,CONFIRMED-score,https://en.wikipedia.org/wiki/2013_Oklahoma_Sooners_football_team,
2013,2013-11-07,Baylor,5,12,A,L,12,41,-29,N,Y,REG,N,Stoops,Big 12,CONFIRMED-score,https://en.wikipedia.org/wiki/2013_Oklahoma_Sooners_football_team,
2013,2013-11-16,Iowa State,,22,H,W,48,10,38,N,Y,REG,N,Stoops,Big 12,CONFIRMED-score,https://en.wikipedia.org/wiki/2013_Oklahoma_Sooners_football_team,
2013,2013-11-23,Kansas State,,22,A,W,41,31,10,N,Y,REG,N,Stoops,Big 12,CONFIRMED-score,https://en.wikipedia.org/wiki/2013_Oklahoma_Sooners_football_team,
2013,2013-12-07,Oklahoma State,6,18,A,W,33,24,9,N,Y,REG,N,Stoops,Big 12,CONFIRMED-score,https://en.wikipedia.org/wiki/2013_Oklahoma_Sooners_football_team,
2013,2014-01-02,Alabama,3,10,N,W,45,31,14,N,N,BOWL,N,Stoops,Big 12,CONFIRMED-score,https://en.wikipedia.org/wiki/2013_Oklahoma_Sooners_football_team,Sugar Bowl
2014,2014-08-30,Louisiana Tech,,4,H,W,48,16,32,N,N,REG,N,Stoops,Big 12,CONFIRMED-score,https://en.wikipedia.org/wiki/2014_Oklahoma_Sooners_football_team,
2014,2014-09-06,Tulsa,,4,A,W,52,7,45,N,N,REG,N,Stoops,Big 12,CONFIRMED-score,https://en.wikipedia.org/wiki/2014_Oklahoma_Sooners_football_team,
2014,2014-09-13,Tennessee,,4,H,W,34,10,24,N,N,REG,N,Stoops,Big 12,CONFIRMED-score,https://en.wikipedia.org/wiki/2014_Oklahoma_Sooners_football_team,
2014,2014-09-20,West Virginia,,4,A,W,45,33,12,N,Y,REG,N,Stoops,Big 12,CONFIRMED-score,https://en.wikipedia.org/wiki/2014_Oklahoma_Sooners_football_team,
2014,2014-10-04,TCU,25,4,A,L,33,37,-4,Y,Y,REG,N,Stoops,Big 12,CONFIRMED-score,https://en.wikipedia.org/wiki/2014_Oklahoma_Sooners_football_team,
2014,2014-10-11,Texas,,11,N,W,31,26,5,Y,Y,REG,N,Stoops,Big 12,CONFIRMED-score,https://en.wikipedia.org/wiki/2014_Oklahoma_Sooners_football_team,
2014,2014-10-18,Kansas State,14,11,H,L,30,31,-1,Y,Y,REG,N,Stoops,Big 12,CONFIRMED-score,https://en.wikipedia.org/wiki/2014_Oklahoma_Sooners_football_team,
2014,2014-11-01,Iowa State,,18,A,W,59,14,45,N,Y,REG,N,Stoops,Big 12,CONFIRMED-score,https://en.wikipedia.org/wiki/2014_Oklahoma_Sooners_football_team,
2014,2014-11-08,Baylor,12,15,H,L,14,48,-34,N,Y,REG,N,Stoops,Big 12,CONFIRMED-score,https://en.wikipedia.org/wiki/2014_Oklahoma_Sooners_football_team,
2014,2014-11-15,Texas Tech,,,A,W,42,30,12,N,Y,REG,N,Stoops,Big 12,CONFIRMED-score,https://en.wikipedia.org/wiki/2014_Oklahoma_Sooners_football_team,
2014,2014-11-22,Kansas,,21,H,W,44,7,37,N,Y,REG,N,Stoops,Big 12,CONFIRMED-score,https://en.wikipedia.org/wiki/2014_Oklahoma_Sooners_football_team,
2014,2014-12-06,Oklahoma State,,20,H,L,35,38,-3,Y,Y,REG,Y,Stoops,Big 12,CONFIRMED-score,https://en.wikipedia.org/wiki/2014_Oklahoma_Sooners_football_team,
2014,2014-12-29,Clemson,17,,N,L,6,40,-34,N,N,BOWL,N,Stoops,Big 12,CONFIRMED-score,https://en.wikipedia.org/wiki/2014_Oklahoma_Sooners_football_team,Russell Athletic Bowl
2015,2015-09-05,Akron,,19,H,W,41,3,38,N,N,REG,N,Stoops,Big 12,CONFIRMED-score,https://en.wikipedia.org/wiki/2015_Oklahoma_Sooners_football_team,
2015,2015-09-12,Tennessee,23,19,A,W,31,24,7,Y,N,REG,Y,Stoops,Big 12,CONFIRMED-score,https://en.wikipedia.org/wiki/2015_Oklahoma_Sooners_football_team,
2015,2015-09-19,Tulsa,,16,H,W,52,38,14,N,N,REG,N,Stoops,Big 12,CONFIRMED-score,https://en.wikipedia.org/wiki/2015_Oklahoma_Sooners_football_team,
2015,2015-10-03,West Virginia,23,15,H,W,44,24,20,N,Y,REG,N,Stoops,Big 12,CONFIRMED-score,https://en.wikipedia.org/wiki/2015_Oklahoma_Sooners_football_team,
2015,2015-10-10,Texas,,10,N,L,17,24,-7,Y,Y,REG,N,Stoops,Big 12,CONFIRMED-score,https://en.wikipedia.org/wiki/2015_Oklahoma_Sooners_football_team,
2015,2015-10-17,Kansas State,,19,A,W,55,0,55,N,Y,REG,N,Stoops,Big 12,CONFIRMED-score,https://en.wikipedia.org/wiki/2015_Oklahoma_Sooners_football_team,
2015,2015-10-24,Texas Tech,,17,H,W,63,27,36,N,Y,REG,N,Stoops,Big 12,CONFIRMED-score,https://en.wikipedia.org/wiki/2015_Oklahoma_Sooners_football_team,
2015,2015-10-31,Kansas,,14,A,W,62,7,55,N,Y,REG,N,Stoops,Big 12,CONFIRMED-score,https://en.wikipedia.org/wiki/2015_Oklahoma_Sooners_football_team,
2015,2015-11-07,Iowa State,,15,H,W,52,16,36,N,Y,REG,N,Stoops,Big 12,CONFIRMED-score,https://en.wikipedia.org/wiki/2015_Oklahoma_Sooners_football_team,
2015,2015-11-14,Baylor,6,12,A,W,44,34,10,N,Y,REG,N,Stoops,Big 12,CONFIRMED-score,https://en.wikipedia.org/wiki/2015_Oklahoma_Sooners_football_team,
2015,2015-11-21,TCU,18,7,H,W,30,29,1,Y,Y,REG,N,Stoops,Big 12,CONFIRMED-score,https://en.wikipedia.org/wiki/2015_Oklahoma_Sooners_football_team,
2015,2015-11-28,Oklahoma State,11,3,A,W,58,23,35,N,Y,REG,N,Stoops,Big 12,CONFIRMED-score,https://en.wikipedia.org/wiki/2015_Oklahoma_Sooners_football_team,
2015,2015-12-31,Clemson,1,4,N,L,17,37,-20,N,N,CFP_SEMI,N,Stoops,Big 12,CONFIRMED-score,https://en.wikipedia.org/wiki/2015_Oklahoma_Sooners_football_team,Orange Bowl–CFP Semifinal / College GameDay
2016,2016-09-03,Houston,15,3,N,L,23,33,-10,N,N,REG,N,Stoops,Big 12,CONFIRMED-score/CORRECTED-opp_rank,https://en.wikipedia.org/wiki/2016_Oklahoma_Sooners_football_team,"OU's 2016 article template says opprank=14, but the AP preseason poll (Aug 21 2016) had Washington #14 and Houston #15; Houston's own 2016 article (rank=15, opprank=3), the Wikipedia 2016 AP rankings page, CBS Sports and NCAA.com all say #15. Five independent confirmations."
2016,2016-09-10,Louisiana–Monroe,,14,H,W,59,17,42,N,N,REG,N,Stoops,Big 12,CONFIRMED-score,https://en.wikipedia.org/wiki/2016_Oklahoma_Sooners_football_team,
2016,2016-09-17,Ohio State,3,14,H,L,24,45,-21,N,N,REG,N,Stoops,Big 12,CONFIRMED-score,https://en.wikipedia.org/wiki/2016_Oklahoma_Sooners_football_team,
2016,2016-10-01,TCU,21,,A,W,52,46,6,Y,Y,REG,N,Stoops,Big 12,CONFIRMED-score,https://en.wikipedia.org/wiki/2016_Oklahoma_Sooners_football_team,
2016,2016-10-08,Texas,,20,N,W,45,40,5,Y,Y,REG,N,Stoops,Big 12,CONFIRMED-score,https://en.wikipedia.org/wiki/2016_Oklahoma_Sooners_football_team,
2016,2016-10-15,Kansas State,,19,H,W,38,17,21,N,Y,REG,N,Stoops,Big 12,CONFIRMED-score,https://en.wikipedia.org/wiki/2016_Oklahoma_Sooners_football_team,
2016,2016-10-22,Texas Tech,,16,A,W,66,59,7,Y,Y,REG,N,Stoops,Big 12,CONFIRMED-score,https://en.wikipedia.org/wiki/2016_Oklahoma_Sooners_football_team,
2016,2016-10-29,Kansas,,16,H,W,56,3,53,N,Y,REG,N,Stoops,Big 12,CONFIRMED-score,https://en.wikipedia.org/wiki/2016_Oklahoma_Sooners_football_team,
2016,2016-11-03,Iowa State,,14,A,W,34,24,10,N,Y,REG,N,Stoops,Big 12,CONFIRMED-score,https://en.wikipedia.org/wiki/2016_Oklahoma_Sooners_football_team,
2016,2016-11-12,Baylor,,11,H,W,45,24,21,N,Y,REG,N,Stoops,Big 12,CONFIRMED-score,https://en.wikipedia.org/wiki/2016_Oklahoma_Sooners_football_team,
2016,2016-11-19,West Virginia,14,9,A,W,56,28,28,N,Y,REG,N,Stoops,Big 12,CONFIRMED-score,https://en.wikipedia.org/wiki/2016_Oklahoma_Sooners_football_team,
2016,2016-12-03,Oklahoma State,10,9,H,W,38,20,18,N,Y,REG,N,Stoops,Big 12,CONFIRMED-score,https://en.wikipedia.org/wiki/2016_Oklahoma_Sooners_football_team,
2016,2017-01-02,Auburn,14,7,N,W,35,19,16,N,N,BOWL,N,Stoops,Big 12,CONFIRMED-score,https://en.wikipedia.org/wiki/2016_Oklahoma_Sooners_football_team,Sugar Bowl
2017,2017-09-02,UTEP,,7,H,W,56,7,49,N,N,REG,N,Riley,Big 12,CONFIRMED-score,https://en.wikipedia.org/wiki/2017_Oklahoma_Sooners_football_team,
2017,2017-09-09,Ohio State,2,5,A,W,31,16,15,N,N,REG,N,Riley,Big 12,CONFIRMED-score,https://en.wikipedia.org/wiki/2017_Oklahoma_Sooners_football_team,
2017,2017-09-16,Tulane,,2,H,W,56,14,42,N,N,REG,N,Riley,Big 12,CONFIRMED-score,https://en.wikipedia.org/wiki/2017_Oklahoma_Sooners_football_team,
2017,2017-09-23,Baylor,,3,A,W,49,41,8,Y,Y,REG,N,Riley,Big 12,CONFIRMED-score,https://en.wikipedia.org/wiki/2017_Oklahoma_Sooners_football_team,
2017,2017-10-07,Iowa State,,3,H,L,31,38,-7,Y,Y,REG,N,Riley,Big 12,CONFIRMED-score,https://en.wikipedia.org/wiki/2017_Oklahoma_Sooners_football_team,
2017,2017-10-14,Texas,,12,N,W,29,24,5,Y,Y,REG,N,Riley,Big 12,CONFIRMED-score,https://en.wikipedia.org/wiki/2017_Oklahoma_Sooners_football_team,
2017,2017-10-21,Kansas State,,9,A,W,42,35,7,Y,Y,REG,N,Riley,Big 12,CONFIRMED-score,https://en.wikipedia.org/wiki/2017_Oklahoma_Sooners_football_team,
2017,2017-10-28,Texas Tech,,10,H,W,49,27,22,N,Y,REG,N,Riley,Big 12,CONFIRMED-score,https://en.wikipedia.org/wiki/2017_Oklahoma_Sooners_football_team,
2017,2017-11-04,Oklahoma State,11,5,A,W,62,52,10,N,Y,REG,N,Riley,Big 12,CONFIRMED-score,https://en.wikipedia.org/wiki/2017_Oklahoma_Sooners_football_team,
2017,2017-11-11,TCU,6,5,H,W,38,20,18,N,Y,REG,N,Riley,Big 12,CONFIRMED-score,https://en.wikipedia.org/wiki/2017_Oklahoma_Sooners_football_team,
2017,2017-11-18,Kansas,,4,A,W,41,3,38,N,Y,REG,N,Riley,Big 12,CONFIRMED-score,https://en.wikipedia.org/wiki/2017_Oklahoma_Sooners_football_team,
2017,2017-11-25,West Virginia,,4,H,W,59,31,28,N,Y,REG,N,Riley,Big 12,CONFIRMED-score,https://en.wikipedia.org/wiki/2017_Oklahoma_Sooners_football_team,
2017,2017-12-02,TCU,11,3,N,W,41,17,24,N,N,CCG,N,Riley,Big 12,CONFIRMED-score,https://en.wikipedia.org/wiki/2017_Oklahoma_Sooners_football_team,Big 12 Championship Game
2017,2018-01-01,Georgia,3,2,N,L,48,54,-6,Y,N,CFP_SEMI,Y,Riley,Big 12,CONFIRMED-score,https://en.wikipedia.org/wiki/2017_Oklahoma_Sooners_football_team,Rose Bowl–CFP Semifinal) (College GameDay
2018,2018-09-01,Florida Atlantic,,7,H,W,63,14,49,N,N,REG,N,Riley,Big 12,CONFIRMED-score,https://en.wikipedia.org/wiki/2018_Oklahoma_Sooners_football_team,
2018,2018-09-08,UCLA,,6,H,W,49,21,28,N,N,REG,N,Riley,Big 12,CONFIRMED-score,https://en.wikipedia.org/wiki/2018_Oklahoma_Sooners_football_team,
2018,2018-09-15,Iowa State,,5,A,W,37,27,10,N,Y,REG,N,Riley,Big 12,CONFIRMED-score,https://en.wikipedia.org/wiki/2018_Oklahoma_Sooners_football_team,
2018,2018-09-22,Army,,5,H,W,28,21,7,Y,N,REG,Y,Riley,Big 12,CONFIRMED-score,https://en.wikipedia.org/wiki/2018_Oklahoma_Sooners_football_team,
2018,2018-09-29,Baylor,,6,H,W,66,33,33,N,Y,REG,N,Riley,Big 12,CONFIRMED-score,https://en.wikipedia.org/wiki/2018_Oklahoma_Sooners_football_team,
2018,2018-10-06,Texas,19,7,N,L,45,48,-3,Y,Y,REG,N,Riley,Big 12,CONFIRMED-score,https://en.wikipedia.org/wiki/2018_Oklahoma_Sooners_football_team,
2018,2018-10-20,TCU,,9,A,W,52,27,25,N,Y,REG,N,Riley,Big 12,CONFIRMED-score,https://en.wikipedia.org/wiki/2018_Oklahoma_Sooners_football_team,
2018,2018-10-27,Kansas State,,8,H,W,51,14,37,N,Y,REG,N,Riley,Big 12,CONFIRMED-score,https://en.wikipedia.org/wiki/2018_Oklahoma_Sooners_football_team,
2018,2018-11-03,Texas Tech,,7,A,W,51,46,5,Y,Y,REG,N,Riley,Big 12,CONFIRMED-score,https://en.wikipedia.org/wiki/2018_Oklahoma_Sooners_football_team,
2018,2018-11-10,Oklahoma State,,6,H,W,48,47,1,Y,Y,REG,N,Riley,Big 12,CONFIRMED-score,https://en.wikipedia.org/wiki/2018_Oklahoma_Sooners_football_team,
2018,2018-11-17,Kansas,,6,H,W,55,40,15,N,Y,REG,N,Riley,Big 12,CONFIRMED-score,https://en.wikipedia.org/wiki/2018_Oklahoma_Sooners_football_team,
2018,2018-11-23,West Virginia,13,6,A,W,59,56,3,Y,Y,REG,N,Riley,Big 12,CONFIRMED-score,https://en.wikipedia.org/wiki/2018_Oklahoma_Sooners_football_team,
2018,2018-12-01,Texas,14,5,N,W,39,27,12,N,N,CCG,N,Riley,Big 12,CONFIRMED-score,https://en.wikipedia.org/wiki/2018_Oklahoma_Sooners_football_team,Red River Showdown/Big 12 Championship Game
2018,2018-12-29,Alabama,1,4,N,L,34,45,-11,N,N,CFP_SEMI,N,Riley,Big 12,CONFIRMED-score,https://en.wikipedia.org/wiki/2018_Oklahoma_Sooners_football_team,Orange Bowl&ndash;CFP Semifinal) (College GameDay / SEC Nation
2019,2019-09-01,Houston,,4,H,W,49,31,18,N,N,REG,N,Riley,Big 12,CONFIRMED-score,https://en.wikipedia.org/wiki/2019_Oklahoma_Sooners_football_team,
2019,2019-09-07,South Dakota,,4,H,W,70,14,56,N,N,REG,N,Riley,Big 12,CONFIRMED-score,https://en.wikipedia.org/wiki/2019_Oklahoma_Sooners_football_team,
2019,2019-09-14,UCLA,,5,A,W,48,14,34,N,N,REG,N,Riley,Big 12,CONFIRMED-score,https://en.wikipedia.org/wiki/2019_Oklahoma_Sooners_football_team,
2019,2019-09-28,Texas Tech,,6,H,W,55,16,39,N,Y,REG,N,Riley,Big 12,CONFIRMED-score,https://en.wikipedia.org/wiki/2019_Oklahoma_Sooners_football_team,
2019,2019-10-05,Kansas,,6,A,W,45,20,25,N,Y,REG,N,Riley,Big 12,CONFIRMED-score,https://en.wikipedia.org/wiki/2019_Oklahoma_Sooners_football_team,
2019,2019-10-12,Texas,11,6,N,W,34,27,7,Y,Y,REG,N,Riley,Big 12,CONFIRMED-score,https://en.wikipedia.org/wiki/2019_Oklahoma_Sooners_football_team,
2019,2019-10-19,West Virginia,,5,H,W,52,14,38,N,Y,REG,N,Riley,Big 12,CONFIRMED-score,https://en.wikipedia.org/wiki/2019_Oklahoma_Sooners_football_team,
2019,2019-10-26,Kansas State,,5,A,L,41,48,-7,Y,Y,REG,N,Riley,Big 12,CONFIRMED-score,https://en.wikipedia.org/wiki/2019_Oklahoma_Sooners_football_team,
2019,2019-11-09,Iowa State,,9,H,W,42,41,1,Y,Y,REG,N,Riley,Big 12,CONFIRMED-score,https://en.wikipedia.org/wiki/2019_Oklahoma_Sooners_football_team,
2019,2019-11-16,Baylor,13,10,A,W,34,31,3,Y,Y,REG,N,Riley,Big 12,CONFIRMED-score,https://en.wikipedia.org/wiki/2019_Oklahoma_Sooners_football_team,
2019,2019-11-23,TCU,,8,H,W,28,24,4,Y,Y,REG,N,Riley,Big 12,CONFIRMED-score,https://en.wikipedia.org/wiki/2019_Oklahoma_Sooners_football_team,
2019,2019-11-30,Oklahoma State,21,7,A,W,34,16,18,N,Y,REG,N,Riley,Big 12,CONFIRMED-score,https://en.wikipedia.org/wiki/2019_Oklahoma_Sooners_football_team,
2019,2019-12-07,Baylor,7,6,N,W,30,23,7,Y,N,CCG,Y,Riley,Big 12,CONFIRMED-score,https://en.wikipedia.org/wiki/2019_Oklahoma_Sooners_football_team,Big 12 Championship Game
2019,2019-12-28,LSU,1,4,N,L,28,63,-35,N,N,CFP_SEMI,N,Riley,Big 12,CONFIRMED-score,https://en.wikipedia.org/wiki/2019_Oklahoma_Sooners_football_team,Peach Bowl - CFP Semifinal / SEC Nation
2020,2020-09-12,Missouri State,,5,H,W,48,0,48,N,N,REG,N,Riley,Big 12,CONFIRMED-score,https://en.wikipedia.org/wiki/2020_Oklahoma_Sooners_football_team,
2020,2020-09-26,Kansas State,,3,H,L,35,38,-3,Y,Y,REG,N,Riley,Big 12,CONFIRMED-score,https://en.wikipedia.org/wiki/2020_Oklahoma_Sooners_football_team,
2020,2020-10-03,Iowa State,,18,A,L,30,37,-7,Y,Y,REG,N,Riley,Big 12,CONFIRMED-score,https://en.wikipedia.org/wiki/2020_Oklahoma_Sooners_football_team,
2020,2020-10-10,Texas,22,,N,W,53,45,8,Y,Y,REG,Y,Riley,Big 12,CONFIRMED-score,https://en.wikipedia.org/wiki/2020_Oklahoma_Sooners_football_team,
2020,2020-10-24,TCU,,,A,W,33,14,19,N,Y,REG,N,Riley,Big 12,CONFIRMED-score,https://en.wikipedia.org/wiki/2020_Oklahoma_Sooners_football_team,
2020,2020-10-31,Texas Tech,,24,A,W,62,28,34,N,Y,REG,N,Riley,Big 12,CONFIRMED-score,https://en.wikipedia.org/wiki/2020_Oklahoma_Sooners_football_team,
2020,2020-11-07,Kansas,,19,H,W,62,9,53,N,Y,REG,N,Riley,Big 12,CONFIRMED-score,https://en.wikipedia.org/wiki/2020_Oklahoma_Sooners_football_team,
2020,2020-11-21,Oklahoma State,14,18,H,W,41,13,28,N,Y,REG,N,Riley,Big 12,CONFIRMED-score,https://en.wikipedia.org/wiki/2020_Oklahoma_Sooners_football_team,
2020,2020-12-05,Baylor,,11,H,W,27,14,13,N,Y,REG,N,Riley,Big 12,CONFIRMED-score,https://en.wikipedia.org/wiki/2020_Oklahoma_Sooners_football_team,
2020,2020-12-19,Iowa State,6,10,N,W,27,21,6,Y,N,CCG,N,Riley,Big 12,CONFIRMED-score,https://en.wikipedia.org/wiki/2020_Oklahoma_Sooners_football_team,Big 12 Championship Game
2020,2020-12-30,Florida,7,6,N,W,55,20,35,N,N,BOWL,N,Riley,Big 12,CONFIRMED-score,https://en.wikipedia.org/wiki/2020_Oklahoma_Sooners_football_team,Cotton Bowl Classic
2021,2021-09-04,Tulane,,2,H,W,40,35,5,Y,N,REG,N,Riley,Big 12,CONFIRMED-score/REPORTED-site,https://en.wikipedia.org/wiki/2021_Oklahoma_Sooners_football_team,Tulane home game relocated to Norman (Hurricane Ida); coded by physical site
2021,2021-09-11,Western Carolina,,4,H,W,76,0,76,N,N,REG,N,Riley,Big 12,CONFIRMED-score,https://en.wikipedia.org/wiki/2021_Oklahoma_Sooners_football_team,
2021,2021-09-18,Nebraska,,3,H,W,23,16,7,Y,N,REG,N,Riley,Big 12,CONFIRMED-score,https://en.wikipedia.org/wiki/2021_Oklahoma_Sooners_football_team,
2021,2021-09-25,West Virginia,,4,H,W,16,13,3,Y,Y,REG,N,Riley,Big 12,CONFIRMED-score,https://en.wikipedia.org/wiki/2021_Oklahoma_Sooners_football_team,
2021,2021-10-02,Kansas State,,6,A,W,37,31,6,Y,Y,REG,N,Riley,Big 12,CONFIRMED-score,https://en.wikipedia.org/wiki/2021_Oklahoma_Sooners_football_team,
2021,2021-10-09,Texas,21,6,N,W,55,48,7,Y,Y,REG,N,Riley,Big 12,CONFIRMED-score,https://en.wikipedia.org/wiki/2021_Oklahoma_Sooners_football_team,
2021,2021-10-16,TCU,,4,H,W,52,31,21,N,Y,REG,N,Riley,Big 12,CONFIRMED-score,https://en.wikipedia.org/wiki/2021_Oklahoma_Sooners_football_team,
2021,2021-10-23,Kansas,,3,A,W,35,23,12,N,Y,REG,N,Riley,Big 12,CONFIRMED-score,https://en.wikipedia.org/wiki/2021_Oklahoma_Sooners_football_team,
2021,2021-10-30,Texas Tech,,4,H,W,52,21,31,N,Y,REG,N,Riley,Big 12,CONFIRMED-score,https://en.wikipedia.org/wiki/2021_Oklahoma_Sooners_football_team,
2021,2021-11-13,Baylor,18,4,A,L,14,27,-13,N,Y,REG,N,Riley,Big 12,CONFIRMED-score,https://en.wikipedia.org/wiki/2021_Oklahoma_Sooners_football_team,
2021,2021-11-20,Iowa State,,12,H,W,28,21,7,Y,Y,REG,N,Riley,Big 12,CONFIRMED-score,https://en.wikipedia.org/wiki/2021_Oklahoma_Sooners_football_team,
2021,2021-11-27,Oklahoma State,7,10,A,L,33,37,-4,Y,Y,REG,N,Riley,Big 12,CONFIRMED-score,https://en.wikipedia.org/wiki/2021_Oklahoma_Sooners_football_team,
2021,2021-12-29,Oregon,15,14,N,W,47,32,15,N,N,BOWL,N,Riley,Big 12,CONFIRMED-score,https://en.wikipedia.org/wiki/2021_Oklahoma_Sooners_football_team,Alamo Bowl
2022,2022-09-03,UTEP,,9,H,W,45,13,32,N,N,REG,N,Venables,Big 12,CONFIRMED-score,https://en.wikipedia.org/wiki/2022_Oklahoma_Sooners_football_team,
2022,2022-09-10,Kent State,,7,H,W,33,3,30,N,N,REG,N,Venables,Big 12,CONFIRMED-score,https://en.wikipedia.org/wiki/2022_Oklahoma_Sooners_football_team,
2022,2022-09-17,Nebraska,,6,A,W,49,14,35,N,N,REG,N,Venables,Big 12,CONFIRMED-score,https://en.wikipedia.org/wiki/2022_Oklahoma_Sooners_football_team,
2022,2022-09-24,Kansas State,,6,H,L,34,41,-7,Y,Y,REG,N,Venables,Big 12,CONFIRMED-score,https://en.wikipedia.org/wiki/2022_Oklahoma_Sooners_football_team,
2022,2022-10-01,TCU,,18,A,L,24,55,-31,N,Y,REG,N,Venables,Big 12,CONFIRMED-score,https://en.wikipedia.org/wiki/2022_Oklahoma_Sooners_football_team,
2022,2022-10-08,Texas,,,N,L,0,49,-49,N,Y,REG,N,Venables,Big 12,CONFIRMED-score,https://en.wikipedia.org/wiki/2022_Oklahoma_Sooners_football_team,
2022,2022-10-15,Kansas,19,,H,W,52,42,10,N,Y,REG,N,Venables,Big 12,CONFIRMED-score,https://en.wikipedia.org/wiki/2022_Oklahoma_Sooners_football_team,
2022,2022-10-29,Iowa State,,,A,W,27,13,14,N,Y,REG,N,Venables,Big 12,CONFIRMED-score,https://en.wikipedia.org/wiki/2022_Oklahoma_Sooners_football_team,
2022,2022-11-05,Baylor,,,H,L,35,38,-3,Y,Y,REG,N,Venables,Big 12,CONFIRMED-score,https://en.wikipedia.org/wiki/2022_Oklahoma_Sooners_football_team,
2022,2022-11-12,West Virginia,,,A,L,20,23,-3,Y,Y,REG,N,Venables,Big 12,CONFIRMED-score,https://en.wikipedia.org/wiki/2022_Oklahoma_Sooners_football_team,
2022,2022-11-19,Oklahoma State,22,,H,W,28,13,15,N,Y,REG,N,Venables,Big 12,CONFIRMED-score,https://en.wikipedia.org/wiki/2022_Oklahoma_Sooners_football_team,
2022,2022-11-26,Texas Tech,,,A,L,48,51,-3,Y,Y,REG,Y,Venables,Big 12,CONFIRMED-score,https://en.wikipedia.org/wiki/2022_Oklahoma_Sooners_football_team,
2022,2022-12-29,Florida State,13,,N,L,32,35,-3,Y,N,BOWL,N,Venables,Big 12,CONFIRMED-score,https://en.wikipedia.org/wiki/2022_Oklahoma_Sooners_football_team,Cheez-It Bowl
2023,2023-09-02,Arkansas State,,20,H,W,73,0,73,N,N,REG,N,Venables,Big 12,CONFIRMED-score,https://en.wikipedia.org/wiki/2023_Oklahoma_Sooners_football_team,
2023,2023-09-09,SMU,,18,H,W,28,11,17,N,N,REG,N,Venables,Big 12,CONFIRMED-score,https://en.wikipedia.org/wiki/2023_Oklahoma_Sooners_football_team,
2023,2023-09-16,Tulsa,,19,A,W,66,17,49,N,N,REG,N,Venables,Big 12,CONFIRMED-score,https://en.wikipedia.org/wiki/2023_Oklahoma_Sooners_football_team,
2023,2023-09-23,Cincinnati,,16,A,W,20,6,14,N,Y,REG,N,Venables,Big 12,CONFIRMED-score,https://en.wikipedia.org/wiki/2023_Oklahoma_Sooners_football_team,
2023,2023-09-30,Iowa State,,14,H,W,50,20,30,N,Y,REG,N,Venables,Big 12,CONFIRMED-score,https://en.wikipedia.org/wiki/2023_Oklahoma_Sooners_football_team,
2023,2023-10-07,Texas,3,12,N,W,34,30,4,Y,Y,REG,N,Venables,Big 12,CONFIRMED-score,https://en.wikipedia.org/wiki/2023_Oklahoma_Sooners_football_team,
2023,2023-10-21,UCF,,6,H,W,31,29,2,Y,Y,REG,N,Venables,Big 12,CONFIRMED-score,https://en.wikipedia.org/wiki/2023_Oklahoma_Sooners_football_team,
2023,2023-10-28,Kansas,,6,A,L,33,38,-5,Y,Y,REG,N,Venables,Big 12,CONFIRMED-score,https://en.wikipedia.org/wiki/2023_Oklahoma_Sooners_football_team,
2023,2023-11-04,Oklahoma State,22,9,A,L,24,27,-3,Y,Y,REG,N,Venables,Big 12,CONFIRMED-score,https://en.wikipedia.org/wiki/2023_Oklahoma_Sooners_football_team,
2023,2023-11-11,West Virginia,,17,H,W,59,20,39,N,Y,REG,N,Venables,Big 12,CONFIRMED-score,https://en.wikipedia.org/wiki/2023_Oklahoma_Sooners_football_team,
2023,2023-11-18,BYU,,14,A,W,31,24,7,Y,Y,REG,N,Venables,Big 12,CONFIRMED-score,https://en.wikipedia.org/wiki/2023_Oklahoma_Sooners_football_team,
2023,2023-11-24,TCU,,13,H,W,69,45,24,N,Y,REG,N,Venables,Big 12,CONFIRMED-score,https://en.wikipedia.org/wiki/2023_Oklahoma_Sooners_football_team,
2023,2023-12-28,Arizona,14,12,N,L,24,38,-14,N,N,BOWL,N,Venables,Big 12,CONFIRMED-score,https://en.wikipedia.org/wiki/2023_Oklahoma_Sooners_football_team,Alamo Bowl
2024,2024-08-30,Temple,,16,H,W,51,3,48,N,N,REG,N,Venables,SEC,CONFIRMED-score,https://en.wikipedia.org/wiki/2024_Oklahoma_Sooners_football_team,
2024,2024-09-07,Houston,,15,H,W,16,12,4,Y,N,REG,N,Venables,SEC,CONFIRMED-score,https://en.wikipedia.org/wiki/2024_Oklahoma_Sooners_football_team,
2024,2024-09-14,Tulane,,15,H,W,34,19,15,N,N,REG,N,Venables,SEC,CONFIRMED-score,https://en.wikipedia.org/wiki/2024_Oklahoma_Sooners_football_team,
2024,2024-09-21,Tennessee,6,15,H,L,15,25,-10,N,Y,REG,N,Venables,SEC,CONFIRMED-score,https://en.wikipedia.org/wiki/2024_Oklahoma_Sooners_football_team,
2024,2024-09-28,Auburn,,21,A,W,27,21,6,Y,Y,REG,N,Venables,SEC,CONFIRMED-score,https://en.wikipedia.org/wiki/2024_Oklahoma_Sooners_football_team,
2024,2024-10-12,Texas,1,18,N,L,3,34,-31,N,Y,REG,N,Venables,SEC,CONFIRMED-score,https://en.wikipedia.org/wiki/2024_Oklahoma_Sooners_football_team,
2024,2024-10-19,South Carolina,,,H,L,9,35,-26,N,Y,REG,N,Venables,SEC,CONFIRMED-score,https://en.wikipedia.org/wiki/2024_Oklahoma_Sooners_football_team,
2024,2024-10-26,Ole Miss,18,,A,L,14,26,-12,N,Y,REG,N,Venables,SEC,CONFIRMED-score,https://en.wikipedia.org/wiki/2024_Oklahoma_Sooners_football_team,
2024,2024-11-02,Maine,,,H,W,59,14,45,N,N,REG,N,Venables,SEC,CONFIRMED-score,https://en.wikipedia.org/wiki/2024_Oklahoma_Sooners_football_team,
2024,2024-11-09,Missouri,24,,A,L,23,30,-7,Y,Y,REG,N,Venables,SEC,CONFIRMED-score,https://en.wikipedia.org/wiki/2024_Oklahoma_Sooners_football_team,
2024,2024-11-23,Alabama,7,,H,W,24,3,21,N,Y,REG,N,Venables,SEC,CONFIRMED-score,https://en.wikipedia.org/wiki/2024_Oklahoma_Sooners_football_team,
2024,2024-11-30,LSU,,,A,L,17,37,-20,N,Y,REG,N,Venables,SEC,CONFIRMED-score,https://en.wikipedia.org/wiki/2024_Oklahoma_Sooners_football_team,
2024,2024-12-27,Navy,,,N,L,20,21,-1,Y,N,BOWL,N,Venables,SEC,CONFIRMED-score,https://en.wikipedia.org/wiki/2024_Oklahoma_Sooners_football_team,Armed Forces Bowl
2025,2025-08-30,Illinois State,,18,H,W,35,3,32,N,N,REG,N,Venables,SEC,CONFIRMED-score,https://en.wikipedia.org/wiki/2025_Oklahoma_Sooners_football_team,
2025,2025-09-06,Michigan,15,18,H,W,24,13,11,N,N,REG,N,Venables,SEC,CONFIRMED-score,https://en.wikipedia.org/wiki/2025_Oklahoma_Sooners_football_team,
2025,2025-09-13,Temple,,13,A,W,42,3,39,N,N,REG,N,Venables,SEC,CONFIRMED-score,https://en.wikipedia.org/wiki/2025_Oklahoma_Sooners_football_team,
2025,2025-09-20,Auburn,22,11,H,W,24,17,7,Y,Y,REG,N,Venables,SEC,CONFIRMED-score,https://en.wikipedia.org/wiki/2025_Oklahoma_Sooners_football_team,
2025,2025-10-04,Kent State,,5,H,W,44,0,44,N,N,REG,N,Venables,SEC,CONFIRMED-score,https://en.wikipedia.org/wiki/2025_Oklahoma_Sooners_football_team,
2025,2025-10-11,Texas,,6,N,L,6,23,-17,N,Y,REG,N,Venables,SEC,CONFIRMED-score,https://en.wikipedia.org/wiki/2025_Oklahoma_Sooners_football_team,
2025,2025-10-18,South Carolina,,14,A,W,26,7,19,N,Y,REG,N,Venables,SEC,CONFIRMED-score,https://en.wikipedia.org/wiki/2025_Oklahoma_Sooners_football_team,
2025,2025-10-25,Ole Miss,8,13,H,L,26,34,-8,Y,Y,REG,N,Venables,SEC,CONFIRMED-score,https://en.wikipedia.org/wiki/2025_Oklahoma_Sooners_football_team,
2025,2025-11-01,Tennessee,14,18,A,W,33,27,6,Y,Y,REG,N,Venables,SEC,CONFIRMED-score,https://en.wikipedia.org/wiki/2025_Oklahoma_Sooners_football_team,
2025,2025-11-15,Alabama,4,11,A,W,23,21,2,Y,Y,REG,N,Venables,SEC,CONFIRMED-score,https://en.wikipedia.org/wiki/2025_Oklahoma_Sooners_football_team,
2025,2025-11-22,Missouri,22,8,H,W,17,6,11,N,Y,REG,N,Venables,SEC,CONFIRMED-score,https://en.wikipedia.org/wiki/2025_Oklahoma_Sooners_football_team,
2025,2025-11-29,LSU,,8,H,W,17,13,4,Y,Y,REG,N,Venables,SEC,CONFIRMED-score,https://en.wikipedia.org/wiki/2025_Oklahoma_Sooners_football_team,
2025,2025-12-19,Alabama,9,8,H,L,24,34,-10,N,N,CFP_R1,N,Venables,SEC,CONFIRMED-score,https://en.wikipedia.org/wiki/2025_Oklahoma_Sooners_football_team,"CFP First Round, College GameDay, SEC Nation"
