season,date,rivalry,opponent,site,result,ou_pts,opp_pts,margin,ou_rank,opp_rank,game_type,overtime,confidence,source,note
1999,1999-10-09,Red River,Texas,N,L,28,38,-10,,23.0,REG,N,CONFIRMED-score,https://en.wikipedia.org/wiki/1999_Oklahoma_Sooners_football_team,
1999,1999-11-27,Bedlam,Oklahoma State,H,W,44,7,37,,,REG,N,CONFIRMED-score,https://en.wikipedia.org/wiki/1999_Oklahoma_Sooners_football_team,
2000,2000-10-07,Red River,Texas,N,W,63,14,49,10.0,11.0,REG,N,CONFIRMED-score,https://en.wikipedia.org/wiki/2000_Oklahoma_Sooners_football_team,
2000,2000-11-25,Bedlam,Oklahoma State,A,W,12,7,5,1.0,,REG,N,CONFIRMED-score,https://en.wikipedia.org/wiki/2000_Oklahoma_Sooners_football_team,
2001,2001-10-06,Red River,Texas,N,W,14,3,11,3.0,5.0,REG,N,CONFIRMED-score,https://en.wikipedia.org/wiki/2001_Oklahoma_Sooners_football_team,
2001,2001-11-24,Bedlam,Oklahoma State,H,L,13,16,-3,4.0,,REG,N,CONFIRMED-score,https://en.wikipedia.org/wiki/2001_Oklahoma_Sooners_football_team,
2002,2002-10-12,Red River,Texas,N,W,35,24,11,2.0,3.0,REG,N,CONFIRMED-score,https://en.wikipedia.org/wiki/2002_Oklahoma_Sooners_football_team,
2002,2002-11-30,Bedlam,Oklahoma State,A,L,28,38,-10,3.0,,REG,N,CONFIRMED-score,https://en.wikipedia.org/wiki/2002_Oklahoma_Sooners_football_team,
2003,2003-10-11,Red River,Texas,N,W,65,13,52,1.0,11.0,REG,N,CONFIRMED-score,https://en.wikipedia.org/wiki/2003_Oklahoma_Sooners_football_team,
2003,2003-11-01,Bedlam,Oklahoma State,H,W,52,9,43,1.0,14.0,REG,N,CONFIRMED-score,https://en.wikipedia.org/wiki/2003_Oklahoma_Sooners_football_team,
2004,2004-10-09,Red River,Texas,N,W,12,0,12,2.0,5.0,REG,N,CONFIRMED-score,https://en.wikipedia.org/wiki/2004_Oklahoma_Sooners_football_team,
2004,2004-10-30,Bedlam,Oklahoma State,A,W,38,35,3,2.0,20.0,REG,N,CONFIRMED-score,https://en.wikipedia.org/wiki/2004_Oklahoma_Sooners_football_team,
2005,2005-10-08,Red River,Texas,N,L,12,45,-33,,2.0,REG,N,CONFIRMED-score,https://en.wikipedia.org/wiki/2005_Oklahoma_Sooners_football_team,
2005,2005-11-26,Bedlam,Oklahoma State,H,W,42,14,28,,,REG,N,CONFIRMED-score,https://en.wikipedia.org/wiki/2005_Oklahoma_Sooners_football_team,
2006,2006-10-07,Red River,Texas,N,L,10,28,-18,14.0,7.0,REG,N,CONFIRMED-score,https://en.wikipedia.org/wiki/2006_Oklahoma_Sooners_football_team,
2006,2006-11-25,Bedlam,Oklahoma State,A,W,27,21,6,13.0,,REG,N,CONFIRMED-score,https://en.wikipedia.org/wiki/2006_Oklahoma_Sooners_football_team,
2007,2007-10-06,Red River,Texas,N,W,28,21,7,10.0,19.0,REG,N,CONFIRMED-score,https://en.wikipedia.org/wiki/2007_Oklahoma_Sooners_football_team,
2007,2007-11-24,Bedlam,Oklahoma State,H,W,49,17,32,10.0,,REG,N,CONFIRMED-score,https://en.wikipedia.org/wiki/2007_Oklahoma_Sooners_football_team,
2008,2008-10-11,Red River,Texas,N,L,35,45,-10,1.0,5.0,REG,N,CONFIRMED-score,https://en.wikipedia.org/wiki/2008_Oklahoma_Sooners_football_team,
2008,2008-11-29,Bedlam,Oklahoma State,A,W,61,41,20,3.0,11.0,REG,N,CONFIRMED-score,https://en.wikipedia.org/wiki/2008_Oklahoma_Sooners_football_team,
2009,2009-10-17,Red River,Texas,N,L,13,16,-3,20.0,3.0,REG,N,CONFIRMED-score,https://en.wikipedia.org/wiki/2009_Oklahoma_Sooners_football_team,
2009,2009-11-28,Bedlam,Oklahoma State,H,W,27,0,27,,11.0,REG,N,CONFIRMED-score,https://en.wikipedia.org/wiki/2009_Oklahoma_Sooners_football_team,
2010,2010-10-02,Red River,Texas,N,W,28,20,8,8.0,21.0,REG,N,CONFIRMED-score,https://en.wikipedia.org/wiki/2010_Oklahoma_Sooners_football_team,
2010,2010-11-27,Bedlam,Oklahoma State,A,W,47,41,6,14.0,10.0,REG,N,CONFIRMED-score,https://en.wikipedia.org/wiki/2010_Oklahoma_Sooners_football_team,
2011,2011-10-08,Red River,Texas,N,W,55,17,38,3.0,11.0,REG,N,CONFIRMED-score,https://en.wikipedia.org/wiki/2011_Oklahoma_Sooners_football_team,
2011,2011-12-03,Bedlam,Oklahoma State,A,L,10,44,-34,13.0,3.0,REG,N,CONFIRMED-score,https://en.wikipedia.org/wiki/2011_Oklahoma_Sooners_football_team,
2012,2012-10-13,Red River,Texas,N,W,63,21,42,13.0,15.0,REG,N,CONFIRMED-score,https://en.wikipedia.org/wiki/2012_Oklahoma_Sooners_football_team,
2012,2012-11-24,Bedlam,Oklahoma State,H,W,51,48,3,14.0,22.0,REG,Y,CONFIRMED-score,https://en.wikipedia.org/wiki/2012_Oklahoma_Sooners_football_team,
2013,2013-10-12,Red River,Texas,N,L,20,36,-16,12.0,,REG,N,CONFIRMED-score,https://en.wikipedia.org/wiki/2013_Oklahoma_Sooners_football_team,
2013,2013-12-07,Bedlam,Oklahoma State,A,W,33,24,9,18.0,6.0,REG,N,CONFIRMED-score,https://en.wikipedia.org/wiki/2013_Oklahoma_Sooners_football_team,
2014,2014-10-11,Red River,Texas,N,W,31,26,5,11.0,,REG,N,CONFIRMED-score,https://en.wikipedia.org/wiki/2014_Oklahoma_Sooners_football_team,
2014,2014-12-06,Bedlam,Oklahoma State,H,L,35,38,-3,20.0,,REG,Y,CONFIRMED-score,https://en.wikipedia.org/wiki/2014_Oklahoma_Sooners_football_team,
2015,2015-10-10,Red River,Texas,N,L,17,24,-7,10.0,,REG,N,CONFIRMED-score,https://en.wikipedia.org/wiki/2015_Oklahoma_Sooners_football_team,
2015,2015-11-28,Bedlam,Oklahoma State,A,W,58,23,35,3.0,11.0,REG,N,CONFIRMED-score,https://en.wikipedia.org/wiki/2015_Oklahoma_Sooners_football_team,
2016,2016-10-08,Red River,Texas,N,W,45,40,5,20.0,,REG,N,CONFIRMED-score,https://en.wikipedia.org/wiki/2016_Oklahoma_Sooners_football_team,
2016,2016-12-03,Bedlam,Oklahoma State,H,W,38,20,18,9.0,10.0,REG,N,CONFIRMED-score,https://en.wikipedia.org/wiki/2016_Oklahoma_Sooners_football_team,
2017,2017-10-14,Red River,Texas,N,W,29,24,5,12.0,,REG,N,CONFIRMED-score,https://en.wikipedia.org/wiki/2017_Oklahoma_Sooners_football_team,
2017,2017-11-04,Bedlam,Oklahoma State,A,W,62,52,10,5.0,11.0,REG,N,CONFIRMED-score,https://en.wikipedia.org/wiki/2017_Oklahoma_Sooners_football_team,
2018,2018-10-06,Red River,Texas,N,L,45,48,-3,7.0,19.0,REG,N,CONFIRMED-score,https://en.wikipedia.org/wiki/2018_Oklahoma_Sooners_football_team,
2018,2018-11-10,Bedlam,Oklahoma State,H,W,48,47,1,6.0,,REG,N,CONFIRMED-score,https://en.wikipedia.org/wiki/2018_Oklahoma_Sooners_football_team,
2018,2018-12-01,Red River,Texas,N,W,39,27,12,5.0,14.0,CCG,N,CONFIRMED-score,https://en.wikipedia.org/wiki/2018_Oklahoma_Sooners_football_team,Red River Showdown/Big 12 Championship Game
2019,2019-10-12,Red River,Texas,N,W,34,27,7,6.0,11.0,REG,N,CONFIRMED-score,https://en.wikipedia.org/wiki/2019_Oklahoma_Sooners_football_team,
2019,2019-11-30,Bedlam,Oklahoma State,A,W,34,16,18,7.0,21.0,REG,N,CONFIRMED-score,https://en.wikipedia.org/wiki/2019_Oklahoma_Sooners_football_team,
2020,2020-10-10,Red River,Texas,N,W,53,45,8,,22.0,REG,Y,CONFIRMED-score,https://en.wikipedia.org/wiki/2020_Oklahoma_Sooners_football_team,
2020,2020-11-21,Bedlam,Oklahoma State,H,W,41,13,28,18.0,14.0,REG,N,CONFIRMED-score,https://en.wikipedia.org/wiki/2020_Oklahoma_Sooners_football_team,
2021,2021-10-09,Red River,Texas,N,W,55,48,7,6.0,21.0,REG,N,CONFIRMED-score,https://en.wikipedia.org/wiki/2021_Oklahoma_Sooners_football_team,
2021,2021-11-27,Bedlam,Oklahoma State,A,L,33,37,-4,10.0,7.0,REG,N,CONFIRMED-score,https://en.wikipedia.org/wiki/2021_Oklahoma_Sooners_football_team,
2022,2022-10-08,Red River,Texas,N,L,0,49,-49,,,REG,N,CONFIRMED-score,https://en.wikipedia.org/wiki/2022_Oklahoma_Sooners_football_team,
2022,2022-11-19,Bedlam,Oklahoma State,H,W,28,13,15,,22.0,REG,N,CONFIRMED-score,https://en.wikipedia.org/wiki/2022_Oklahoma_Sooners_football_team,
2023,2023-10-07,Red River,Texas,N,W,34,30,4,12.0,3.0,REG,N,CONFIRMED-score,https://en.wikipedia.org/wiki/2023_Oklahoma_Sooners_football_team,
2023,2023-11-04,Bedlam,Oklahoma State,A,L,24,27,-3,9.0,22.0,REG,N,CONFIRMED-score,https://en.wikipedia.org/wiki/2023_Oklahoma_Sooners_football_team,
2024,2024-10-12,Red River,Texas,N,L,3,34,-31,18.0,1.0,REG,N,CONFIRMED-score,https://en.wikipedia.org/wiki/2024_Oklahoma_Sooners_football_team,
2025,2025-10-11,Red River,Texas,N,L,6,23,-17,6.0,,REG,N,CONFIRMED-score,https://en.wikipedia.org/wiki/2025_Oklahoma_Sooners_football_team,
