team,record_2026,sec_record,postseason_2026,coaching_2027,tier_2027,ou_obstacle_level,confidence,source
Georgia,53-14,23-7 (1st),CWS (lost semi to OU),Wes Johnson stays; loses SEC POY Jackson +~11,Tournament (gutted core),HIGH,REPORTED,WarrenNolan/Wiki
Texas,46-15,19-10 (2nd),CWS (1-2 in Omaha),Schlossnagle stays; elite recruiting,Contender,VERY HIGH,REPORTED,WarrenNolan/Wiki
Texas A&M,41-16,18-11 (3rd),Lost own regional final to USC,Earley yr 2; loses Grahovac/Sorrell,Tournament,MED,REPORTED,12thMan/Wiki
Alabama,42-21,18-12 (4th),CWS (0-2; first since 1999),Vaughn extended thru 2030; loses SS Lebron,Contender (lean),MED-HIGH,REPORTED,Wiki
Florida,41-21,18-12 (5th),Upset at home by Troy (regional),O'Sullivan status chatter; returns SS Lawson,Contender (if O'Sullivan stays),MED-HIGH,REPORTED,floridagators/ESPN
Auburn,42-22,17-13 (6th),Swept in super by Ole Miss,Thompson stays; ~4 of 35 out of elig (returns nearly all),Contender (returns everyone),HIGH,REPORTED,Wiki
Arkansas,41-22,17-13 (7th),Lost Lawrence regional final to Kansas,Van Horn stays; #1-rated portal class,Contender,HIGH,REPORTED,Wiki/portal rankings
Mississippi State,43-19,16-14 (8th),Lost Athens super 0-2,O'Connor yr 2; all 3 weekend starters return,Tournament (lean contender),MED,REPORTED,Wiki
Ole Miss,41-23,15-15 (9th),CWS (0-2 in Omaha),Bianco stays; loses rotation; aggressive portal,Tournament,MED,REPORTED,Wiki
Tennessee,38-22,15-15 (10th),NCAAs (0-2 Chapel Hill regional),Elander yr 2 (Vitello left for SF Giants),Tournament,MED,REPORTED,ESPN/Wiki
Oklahoma,42-23,14-16 (11th),CWS Finals vs UNC (Game 3 pending),Skip Johnson stays; freshman rotation returns,Contender (with caveats),SELF,REPORTED,project data
Vanderbilt,33-25,14-16 (12th),MISSED (ended 22-yr streak),Corbin stays; injury-driven; offense returns (108 HR),Tournament (bounce-back),MED,REPORTED,WarrenNolan/Wiki
Kentucky,33-23,13-17 (13th),NCAAs (lost Morgantown regional final),Mingione stays; loses SS Bell (1st rd),Middle,LOW-MED,REPORTED,Wiki
LSU,30-28,9-21 (14th),MISSED (first since 2011) as defending champ,Jay Johnson stays; returns Milam/Schmidt; aggressive portal,Contender (bounce-back),HIGH,REPORTED,WarrenNolan/Wiki
South Carolina,22-35,7-23 (15th),MISSED (out rd 1 SEC tourney),Kevin Schnall hired (Mainieri resigned Mar 2026),Rebuilding (high ceiling),LOW,REPORTED,gamecocksonline/ESPN
Missouri,24-31,6-24 (16th),MISSED (3rd straight losing season),Kerrick Jackson retained (hot seat),Rebuilding,LOW,REPORTED,Wiki
